id,ground_truth,text,user_id,screen_name,status_id,created_at,relevant_fabio,relevant_paula,problem_frame_fabio,problem_frame_paula,solution_frame_fabio,solution_frame_paula,ground_truth_fabio,ground_truth_paula,mturk_annotation,WorkerId
frames_tweets23_0,neutral,Facebook promised to remove 'often-true content' on COVID under White House pressure: emails https://t.co/RNveRmTtJs via @JustTheNews,1574058508504338432,rosequochuong,1612533370822754305,2023-01-09T19:34:49.000Z,1.0,1.0,0.0,0.0,0.0,0.0,neutral,neutral,"['neutral', 'neutral']","['A2BW6WD7LZ9EGV', 'AMWIBULQ4S8K3']"
frames_tweets23_1,neutral,Dont see blocked account&gt;when my black ass scroll&lt;on the timeline&gt; nigga#,44712652,Power_Verse,1616152233472851968,2023-01-19T19:14:53.000Z,1.0,1.0,0.0,0.0,0.0,0.0,neutral,neutral,"['neutral', 'solution']","['A2BW6WD7LZ9EGV', 'A2Q1YS118AO2BP']"
frames_tweets23_2,neutral,More @Twitter layoffs as global content moderation team is slashed https://t.co/I8bnfKdeYI,1954293848,NeilFlochMD,1612486547214897152,2023-01-09T16:28:46.000Z,1.0,1.0,0.0,0.0,0.0,0.0,neutral,neutral,"['neutral', 'neutral']","['A22KRF782ELLB0', 'A2BW6WD7LZ9EGV']"
frames_tweets23_3,neutral,"Online platforms to remove content flagged by govt's fact-checking mechanisms: new IT draft rules | Indiablooms - First Portal on Digital News Management https://t.co/QMAKSYcDZq #OnlinePlatform, #FakeNews, #FalseNews, #OnlineContent, #ITdraftRules, #SocialMedia",81334244,indiablooms,1615442285566779392,2023-01-17T20:13:49.000Z,1.0,1.0,0.0,0.0,0.0,0.0,neutral,neutral,"['solution', 'solution']","['A2BW6WD7LZ9EGV', 'A2Q1YS118AO2BP']"
frames_tweets23_4,neutral,@LisaB4babies the ground troopers have been on leave for the past 2 years and i think Elon suspended some antifa accounts so coordinating these things might be a slow start until they get reconnected under a new account.,1370099730202521603,CryptoJim20,1619353479298039809,2023-01-28T15:15:30.000Z,1.0,1.0,0.0,0.0,0.0,0.0,neutral,neutral,"['neutral', 'problem']","['A2JPOXYZM5AJZZ', 'A2Q1YS118AO2BP']"
frames_tweets23_5,neutral,"@tete_lover95 @TwitterSupport @BTSTurkey Hi @TwitterSupport, @BTSTurkey's account has been suspended. They did not break any law nor violate Twitter rules and have been a useful information account. We believe and hope that this was a mistake. Please kindly restore their account. Thanks. Hope to hear from you soon.",1132608087326638082,jeonnjkw,1615733148557402112,2023-01-18T15:29:36.000Z,1.0,1.0,0.0,0.0,0.0,0.0,neutral,neutral,"['problem', 'problem']","['A22KRF782ELLB0', 'A2YYQJ3JWA2KGD']"
frames_tweets23_6,neutral,"I caved and made a Tiktok account 🙃 …@ thatsnokay … not that I’m recommending you follow me if you’re on there or anything, wouldn’t wanna get suspended…",994043419,ThatsNokay,1612569170780250113,2023-01-09T21:57:05.000Z,1.0,1.0,0.0,0.0,0.0,0.0,neutral,neutral,"['problem', 'problem']","['A2BW6WD7LZ9EGV', 'A3OZ8KF0HWSVWK']"
frames_tweets23_7,neutral,@CawfeePoints Thank you for you comment. I am a real person. My account from 2012 was suspended due to retweeting a single Andrew Tate video. I decided to come back full force ❤️,1601011269355458560,iiitzKee,1612510612340506624,2023-01-09T18:04:23.000Z,1.0,1.0,0.0,0.0,0.0,0.0,neutral,neutral,"['problem', 'problem']","['A2YYQJ3JWA2KGD', 'ACDX50KGPE97I']"
frames_tweets23_8,neutral,"@that_lemon_ste totally hear your frustration. but if you were to combine all the playlists’ videos into 1 single vid, &amp; that it violates our Community Guidelines, then the playlist may violate Community Guidelines as well. the link we shared earlier has more info about it. thx for understanding",3031071234,TeamYouTube,1616983792647901186,2023-01-22T02:19:12.000Z,1.0,1.0,0.0,0.0,0.0,0.0,neutral,neutral,"['solution', 'neutral']","['ACDX50KGPE97I', 'APGX2WZ59OWDN']"
frames_tweets23_9,neutral,@Dumfukdetector @Phallica5 Says it's from a suspended account,1539465534101659649,uranoutofluck,1612627075717816322,2023-01-10T01:47:10.000Z,1.0,1.0,0.0,0.0,0.0,0.0,neutral,neutral,"['neutral', 'neutral']","['A2BW6WD7LZ9EGV', 'APGX2WZ59OWDN']"
frames_tweets23_10,neutral,"@carolrobinson15 @darrengrimes_ He agreed to their terms when signing up for an account. He broke the rules on the private platform and he got told off..

Don't like it? Don't use them..",805461966,MeestaSleeps,1610624575670304773,2023-01-04T13:09:57.000Z,1.0,1.0,0.0,0.0,0.0,0.0,neutral,neutral,"['solution', 'solution']","['A2W3KKNN3CAY66', 'A3OZ8KF0HWSVWK']"
frames_tweets23_11,neutral,@Cadence4Trump Sure am. This is my alt account I'm still banned on my other account.,1594449461358592000,NevadaLancastr,1609694116853555200,2023-01-01T23:32:38.000Z,1.0,1.0,0.0,0.0,0.0,0.0,neutral,neutral,"['neutral', 'solution']","['A2BW6WD7LZ9EGV', 'A2Q1YS118AO2BP']"
frames_tweets23_12,solution,Channel link  https://t.co/9ms7ukCI84    please block this channel this content very harmful https://t.co/zeJ512JPPx,1447154940078485504,GawayLyrics,1612021938624274432,2023-01-08T09:42:34.000Z,1.0,1.0,0.0,0.0,1.0,1.0,solution,solution,"['problem', 'solution']","['A2JPOXYZM5AJZZ', 'A2YYQJ3JWA2KGD']"
frames_tweets23_13,neutral,@mapengo_ Your twitter account being suspended 💔,1553255547553685505,Newtonnizzoh,1617456762873090048,2023-01-23T09:38:37.000Z,1.0,1.0,0.0,0.0,0.0,0.0,neutral,neutral,"['neutral', 'problem']","['A2BW6WD7LZ9EGV', 'AKSJ3C5O3V9RB']"
frames_tweets23_14,problem,"Finally could restore my account. 🤬
Why twitter even require phone number in the first place? Aren't we supposed to have a choice not to show it thus not being banned after, if twitter bots decide you're one of them? 
#twitter #ElonMusk #FreedomInternet",1600646512786083841,Josefa19543509,1610491525447782400,2023-01-04T04:21:15.000Z,1.0,1.0,1.0,1.0,0.0,0.0,problem,problem,"['problem', 'problem']","['A2BW6WD7LZ9EGV', 'APGX2WZ59OWDN']"
frames_tweets23_15,neutral,"@prolifenanaki22 @DarkBrandon18 @inddierokker420 @omzig2cool @izzyLOOOL @defnotizzy111 Lol.  The user is on its at least 6th account.     Once permanently suspended it will make a new account, come back and start the same thing over.   Jamie is just a scared little one trying to be brave behind a keyboard.",938478035484811264,818Windy,1620038850113585154,2023-01-30T12:38:55.000Z,1.0,1.0,0.0,0.0,0.0,0.0,neutral,neutral,"['neutral', 'solution']","['A2BW6WD7LZ9EGV', 'A2Q1YS118AO2BP']"
frames_tweets23_16,neutral,@TeamYouTube my video was remove because hate speech can you please check this video i dont want to get ban i make fortnite content i been doing youtube for 5 years now put in alot of hard work i never promoted hate they just hit me with a second stirke  https://t.co/MyyXnAIvvj,1552098743851393024,josephw69170285,1614154505741910016,2023-01-14T06:56:38.000Z,1.0,1.0,0.0,0.0,0.0,0.0,neutral,neutral,"['neutral', 'problem']","['A2BW6WD7LZ9EGV', 'ACDX50KGPE97I']"
frames_tweets23_17,neutral,"@tauriqmoosa They remind me of Politics for All, an account that did the same thing but with politics during the height of UK lockdown. Eventually got banned.",379051913,Milo_AFC,1612142933045641222,2023-01-08T17:43:22.000Z,1.0,1.0,0.0,0.0,0.0,0.0,neutral,neutral,"['problem', 'neutral']","['A2BW6WD7LZ9EGV', 'APGX2WZ59OWDN']"
frames_tweets23_18,neutral,"Dear 
@elonmusk 
@Twitter
@TwitterSupport
@ihn91
Is a political worker and social media activist.
@TwitterSupport team suspended his account without any prior warning or specific reason. You are requested to restore his account. Thanks",1456916417362608128,JanGroup0,1616125902286471180,2023-01-19T17:30:15.000Z,1.0,1.0,0.0,0.0,0.0,0.0,neutral,neutral,"['neutral', 'problem']","['A2JPOXYZM5AJZZ', 'A2W3KKNN3CAY66']"
frames_tweets23_19,neutral,"Under Fire, Facebook's 'Ethical' Outsourcing Partner Quits Content Moderation Work https://t.co/FnBsUi3cNN [@Time]",18052384,Penseuse,1613226859260481545,2023-01-11T17:30:30.000Z,1.0,1.0,0.0,0.0,0.0,0.0,neutral,neutral,"['problem', 'neutral']","['A2BW6WD7LZ9EGV', 'ACDX50KGPE97I']"
frames_tweets23_20,neutral,@elonmusk please our Twitter account @gettsorted was suspended when we haven’t even started using it.We have tried to contact @TwitterSupport to unblock it but no response yet. Please help,61791250,kojo4now,1617831700360486912,2023-01-24T10:28:29.000Z,1.0,1.0,0.0,0.0,0.0,0.0,neutral,neutral,"['problem', 'problem']","['A2Q1YS118AO2BP', 'APGX2WZ59OWDN']"
frames_tweets23_21,neutral,"Dear Twitter team my account @angel_ankitaa  got suspended still i don't understand why if i did anything wrong by mistakenly i won't repeat this again and I will never violation any Twitter rules please unsuspend my account
@TwitterSupport  @Twitter",1249828664411213825,TaSanchi,1613893648177070080,2023-01-13T13:40:05.000Z,1.0,1.0,0.0,0.0,0.0,0.0,neutral,neutral,"['problem', 'solution']","['A2BW6WD7LZ9EGV', 'A2Q1YS118AO2BP']"
frames_tweets23_22,neutral,@elonmusk @cb_doge @Tesla @mayemusk Reverse the search ban on my account please! Thank you!,1522035405851267072,CCKuntz,1617283011913080834,2023-01-22T22:08:12.000Z,1.0,1.0,0.0,0.0,0.0,0.0,neutral,neutral,"['neutral', 'problem']","['A2BW6WD7LZ9EGV', 'ACDX50KGPE97I']"
frames_tweets23_23,neutral,@rbiermann22 @maija_hahn Perfrctly said..i was blocked on facebook and information on my accouny sent where i was also banned under thesame name when i thought i was entering my old email...new here account was here...and other emails i wouldnt have used. Here with the same name..interesting🥸🥸🧐🧐😅🤣,845666107541389312,Watcherlogic,1610388422740279296,2023-01-03T21:31:34.000Z,1.0,1.0,0.0,0.0,0.0,0.0,neutral,neutral,"['problem', 'problem']","['A1FHS282JP487T', 'APGX2WZ59OWDN']"
frames_tweets23_24,neutral,@Santhosh_rcf @YouTubeIndia Dear YouTube Team plz remove that copyright strike &amp; community guidelines....Rcf creations guruji @Santhosh_rcf this channel only editing content....So first removed that community guidelines....Thank U....🙏🙂,1583813124116783106,LovelyL81288902,1618991939914956809,2023-01-27T15:18:52.000Z,1.0,1.0,0.0,0.0,0.0,0.0,neutral,neutral,"['problem', 'problem']","['A2YYQJ3JWA2KGD', 'ACDX50KGPE97I']"
frames_tweets23_25,neutral,Sir i tweet from 1yr &amp; i tweet more then 200k and also my many twiter account is suspended by twitter but sir you didn't respond me till now sir please help me sir if you can't help me sir then only one option is left for me is #suicide @HHShkMohd @MaktoumMohammed 🙏 https://t.co/QVmvBbjFUf,1579790509245358081,Dipak0123456,1610769497480376325,2023-01-04T22:45:49.000Z,1.0,1.0,0.0,0.0,0.0,0.0,neutral,neutral,"['neutral', 'solution']","['A2BW6WD7LZ9EGV', 'A2Q1YS118AO2BP']"
frames_tweets23_26,solution,@libsoftiktok If we all work together. We can get this account suspended today.,1415113042820583424,SDottt02,1612823893097455622,2023-01-10T14:49:15.000Z,1.0,1.0,0.0,0.0,1.0,1.0,solution,solution,"['neutral', 'solution']","['A1FHS282JP487T', 'A3OZ8KF0HWSVWK']"
frames_tweets23_27,neutral,@elonmusk @mtaibbi @RepAdamSchiff So why is is account not banned then?,29966406,sjbell316,1617701859476795392,2023-01-24T01:52:33.000Z,1.0,1.0,0.0,0.0,0.0,0.0,neutral,neutral,"['solution', 'neutral']","['A2Q1YS118AO2BP', 'APGX2WZ59OWDN']"
frames_tweets23_28,neutral,@HDFC_Bank i am the old member of hdfc family and my account was blocked due to some transactions. Please help me to fix it,1151870006633758720,Vishal_C11,1609522054541504514,2023-01-01T12:08:55.000Z,1.0,1.0,0.0,0.0,0.0,0.0,neutral,neutral,"['neutral', 'solution']","['A2BW6WD7LZ9EGV', 'A2Q1YS118AO2BP']"
frames_tweets23_29,neutral,"Dear ones @elonmusk @Twitter @TwitterMENA @TwitterSupport 
@SalmaMMMT account has been suspended 4 day ago 
And without any reason💔🙏",964201228942168064,nada_elissakh,1611841879489798146,2023-01-07T21:47:05.000Z,1.0,1.0,0.0,0.0,0.0,0.0,neutral,neutral,"['problem', 'neutral']","['A22KRF782ELLB0', 'A2BW6WD7LZ9EGV']"
frames_tweets23_30,neutral,"@TwitterSupport Please remove a shadow van!

@applum1

Help me!!

I'm not spam.
I'm a sweepstakes account.

Please release the search ban as soon as possible!
Let me have a fun Twitter life!
Thank you.",1313994597589159936,applum1,1618497890879700994,2023-01-26T06:35:42.000Z,1.0,1.0,0.0,0.0,0.0,0.0,neutral,neutral,"['problem', 'problem']","['A1FHS282JP487T', 'AMWIBULQ4S8K3']"
frames_tweets23_31,neutral,@Sorelle_Arduino @StewardMcdonald Account suspended....,19341346,SisterKaff,1617575619658760204,2023-01-23T17:30:55.000Z,1.0,1.0,0.0,0.0,0.0,0.0,neutral,neutral,"['problem', 'neutral']","['A2Q1YS118AO2BP', 'APGX2WZ59OWDN']"
frames_tweets23_32,neutral,@Iightworks LMAO i just looked at the tweet and like 2 seconds later the account was suspended,1166070352646148096,CiaraIsntFunny,1620146648587591680,2023-01-30T19:47:16.000Z,1.0,1.0,0.0,0.0,0.0,0.0,neutral,neutral,"['problem', 'neutral']","['A2Q1YS118AO2BP', 'A2YYQJ3JWA2KGD']"
frames_tweets23_33,neutral,@enbyeongkwan my first ever bts stan acc here got suspended back in 2018 bc of a tweet i made saying p/u/n/c/h  t/3/r/f/s   i will never forget. like i was never able to get the account back after,1088512654816301057,seokietear,1611492766516740096,2023-01-06T22:39:50.000Z,1.0,1.0,0.0,0.0,0.0,0.0,neutral,neutral,"['neutral', 'problem']","['A2BW6WD7LZ9EGV', 'ACDX50KGPE97I']"
frames_tweets23_34,neutral,depop is fucked my account got taken down for no valid reason😭😭😭,1189121453221797889,evaunitslay,1617908204465422337,2023-01-24T15:32:29.000Z,1.0,1.0,0.0,0.0,0.0,0.0,neutral,neutral,"['problem', 'problem']","['A2W3KKNN3CAY66', 'A3IR7DFEKLLLO']"
frames_tweets23_35,neutral,"@BTSTurkeyPlus @TwitterSupport @BTSTurkey Hi @TwitterSupport, @BTSTurkey's account has been suspended. They did not break any law nor violate Twitter rules and have been a useful information account. We believe and hope that this was a mistake. Please kindly restore their account. Thanks. Hope to hear from you soon.",1420519370007138304,benseokjin,1615736441195171840,2023-01-18T15:42:41.000Z,1.0,1.0,0.0,0.0,0.0,0.0,neutral,neutral,"['problem', 'problem']","['A2Q1YS118AO2BP', 'ACDX50KGPE97I']"
frames_tweets23_36,neutral,Apologies for late update - in 2022 March 29th I've got unbanned on Hunter. It took me 2 years and 7 months of waiting for that wrongful macro ban to expire but I am glad to be able to log back in and make further progress on the account. 942 days had passed since the last login. https://t.co/sBL49Yf5Rl,1168598593298714628,Hunter_OSRS,1618923096014225410,2023-01-27T10:45:18.000Z,1.0,1.0,0.0,0.0,0.0,0.0,neutral,neutral,"['problem', 'problem']","['A2BW6WD7LZ9EGV', 'APGX2WZ59OWDN']"
frames_tweets23_37,neutral,@Ayesha_321__ @AlibabuwadaBabu @aliabad4 @AishaSi44182798 @AishaRajpooot @Ahsan9570 @AkhlaqAhmed786 @ajz_07 @akram12_qazi Followed again. My old account is also suspended.,1608931603106992129,SoldiersSpeak,1609520669280317443,2023-01-01T12:03:25.000Z,1.0,1.0,0.0,0.0,0.0,0.0,neutral,neutral,"['neutral', 'neutral']","['A2BW6WD7LZ9EGV', 'A2JPOXYZM5AJZZ']"
frames_tweets23_38,neutral,my roblox account is banned for a week 🙁,1182797510307434501,mentallycrazyy,1611844934922915843,2023-01-07T21:59:13.000Z,1.0,1.0,0.0,0.0,0.0,0.0,neutral,neutral,"['solution', 'problem']","['A2Q1YS118AO2BP', 'ACDX50KGPE97I']"
frames_tweets23_39,neutral,"""Free at last, free at last, thank God Almighty I am free at last""

This account has been suspended for the past 2 years for no legitimate reason. Grateful to have it back.

Thank you for everything, Starman @elonmusk",1230876256247406593,SwingState27,1611928561014738947,2023-01-08T03:31:31.000Z,1.0,1.0,0.0,0.0,0.0,0.0,neutral,neutral,"['solution', 'problem']","['A1FHS282JP487T', 'A2Q1YS118AO2BP']"
frames_tweets23_40,neutral,@majikallymaya @thepastorjul Got my whole account suspended earlier today 😭 had to appeal that shit,2728750797,whytwojvy,1610113617424261120,2023-01-03T03:19:35.000Z,1.0,1.0,0.0,0.0,0.0,0.0,neutral,neutral,"['problem', 'problem']","['A3OZ8KF0HWSVWK', 'APGX2WZ59OWDN']"
frames_tweets23_41,neutral,"How to fight Libs of TikTok If she takes content belonging to you. file a DMCA takedown notice and get your content removed from her accounts. Tiktok says its a 50/50 partnership and you own your content/intellectual property on their platform.
#LibsOfTikTok #LOTT #ChayaRaichik https://t.co/8cKsPiS2h6",1586049955965419523,DoomGuysDungeon,1614836445058834442,2023-01-16T04:06:25.000Z,1.0,1.0,0.0,0.0,0.0,0.0,neutral,neutral,"['solution', 'solution']","['A2BW6WD7LZ9EGV', 'APGX2WZ59OWDN']"
frames_tweets23_42,neutral,"@Tiago25919438 If you are going to create many accounts, you are going to get banned also. The page is very simple and ""user friendly"". You managed to submit every transfer wrong.",1032382430206996480,NotoriousPr0,1610684181914214401,2023-01-04T17:06:48.000Z,1.0,1.0,0.0,0.0,0.0,0.0,neutral,neutral,"['neutral', 'neutral']","['A2BW6WD7LZ9EGV', 'ACDX50KGPE97I']"
frames_tweets23_43,neutral,@KomoPyu I GOT IN TROUBLE ONCE!!! NOT AGAIN THEN 7 DAY BAN THEY ACCOUNT GO BYE BYE I DONT WANT IT HAPPEN D:,1307798220916088833,UnniBad,1615487030238261248,2023-01-17T23:11:36.000Z,1.0,1.0,0.0,0.0,0.0,0.0,neutral,neutral,"['solution', 'problem']","['A2Q1YS118AO2BP', 'A3OZ8KF0HWSVWK']"
frames_tweets23_44,neutral,"@PoltyFren Thank you! Just got unbanned today lol. I was banned for ""ban evasion"" though this is my original account and i was never perma banned tp begin with. So I musta got brigaded by some non-frens.",953576440536055808,RealCalypsoJohn,1609342845349171203,2023-01-01T00:16:49.000Z,1.0,1.0,0.0,0.0,0.0,0.0,neutral,neutral,"['problem', 'problem']","['A2BW6WD7LZ9EGV', 'A2Q1YS118AO2BP']"
frames_tweets23_45,neutral,Sir i tweet from 1yr &amp; i tweet more then 200k and also my many twiter account is suspended by twitter but sir you didn't respond me till now sir please help me sir if you can't help me sir then only one option is left for me is #suicide @RNTata2000 @gautam_adani @anandmahindra 🙏 https://t.co/DDSAeZQN2i,1579790509245358081,Dipak0123456,1613557114110373888,2023-01-12T15:22:49.000Z,1.0,1.0,0.0,0.0,0.0,0.0,neutral,neutral,"['neutral', 'solution']","['A2BW6WD7LZ9EGV', 'A2Q1YS118AO2BP']"
frames_tweets23_46,neutral,@geegpay_hq You suspended my account immediately funds entered it. Kindly unsuspend my account so I can withdraw my funds I worked for it. I have complained several times and nothing has been done,1620129128027414529,hope57008526,1620388378687717377,2023-01-31T11:47:49.000Z,1.0,1.0,0.0,0.0,0.0,0.0,neutral,neutral,"['problem', 'solution']","['A2BW6WD7LZ9EGV', 'A2Q1YS118AO2BP']"
frames_tweets23_47,neutral,"How to grab this #DEALS China suspends social media accounts of COVID policy critics  #FIFAWorldCup #JungkookMV #BlackFridayWeek
See #Offers &gt;&gt; https://t.co/SRCRBeODc4 https://t.co/iTVhxM8WEN",789066863699386368,emartmarket,1611784759188881408,2023-01-07T18:00:06.000Z,1.0,1.0,0.0,0.0,0.0,0.0,neutral,neutral,"['problem', 'neutral']","['A1FHS282JP487T', 'A2JPOXYZM5AJZZ']"
frames_tweets23_48,neutral,"Checked ShadowBan! @kenzamu

❌ Search Suggestion Ban
✅ Search Ban
✅ Ghost Ban
✅ Reply Deboosting

#ShadowBan #ShadowBanChecker #シャドウバン 
↓↓↓ Let's Check Your Account! ↓↓↓
https://t.co/rdsbny4fZp",46121970,kenzamu,1619610785717829634,2023-01-29T08:17:56.000Z,1.0,1.0,0.0,0.0,0.0,0.0,neutral,neutral,"['solution', 'problem']","['A2Q1YS118AO2BP', 'A2YYQJ3JWA2KGD']"
frames_tweets23_49,neutral,"@Bhavika21081999 this means your channel doesn't meet our guidelines &amp; policies, but don't lose hope!! keep uploading original content &amp; building your audience, then re-apply 30 days after you received the decision email",3031071234,TeamYouTube,1618360375371603981,2023-01-25T21:29:15.000Z,1.0,1.0,0.0,0.0,0.0,0.0,neutral,neutral,"['solution', 'solution']","['A2YYQJ3JWA2KGD', 'A3IR7DFEKLLLO']"
frames_tweets23_50,neutral,@catturd2 @gatewaypundit Yet he still suspended my other account @capricorncrude for criticizing that monster Faùcì,1436305429,my5fireflies,1616882290466099200,2023-01-21T19:35:52.000Z,1.0,1.0,0.0,0.0,0.0,0.0,neutral,neutral,"['solution', 'problem']","['A2Q1YS118AO2BP', 'A3OZ8KF0HWSVWK']"
frames_tweets23_51,neutral,A US state asked for evidence to ban TikTok. The FBI offered none via /r/technology https://t.co/Q61CLJLOJT https://t.co/34I3pO2bTi,33408559,Myke500,1618792647283380224,2023-01-27T02:06:57.000Z,1.0,1.0,0.0,0.0,0.0,0.0,neutral,neutral,"['neutral', 'problem']","['A1FHS282JP487T', 'A3OZ8KF0HWSVWK']"
frames_tweets23_52,neutral,@ozzyluvrr Yo account got suspended or deleted 🤣,1424640593938944005,grizz_31,1616372740424105991,2023-01-20T09:51:06.000Z,1.0,1.0,0.0,0.0,0.0,0.0,neutral,neutral,"['neutral', 'neutral']","['A2BW6WD7LZ9EGV', 'APGX2WZ59OWDN']"
frames_tweets23_53,neutral,@skribblipoo_ im pretty sure they got suspended and moved accounts but I cannot remember what the account name is for the life of me,1529601130585538560,sodascentpack,1613316249085157378,2023-01-11T23:25:42.000Z,1.0,1.0,0.0,0.0,0.0,0.0,neutral,neutral,"['neutral', 'neutral']","['A2BW6WD7LZ9EGV', 'APGX2WZ59OWDN']"
frames_tweets23_54,neutral,"@SwaledaleMutton They always make me chuckle, they call everyone scared, sheep, yadda yadda but yet they're themselves drenched in piss. Jikky is the most hilarious I remember that fool calling itself a fan account to avoid a Twitter ban. Sad, strange people. #RatArmy",1459212445663301635,_SirGorden_,1618983378593923072,2023-01-27T14:44:51.000Z,1.0,1.0,0.0,0.0,0.0,0.0,neutral,neutral,"['neutral', 'solution']","['A2BW6WD7LZ9EGV', 'A3OZ8KF0HWSVWK']"
frames_tweets23_55,neutral,"@CoolNCriss @UberFacts @PelCan6 That account it suspended for some reason.

But there are still pelicans about.",1580855084996403200,SeaGullMenace,1612725338416771072,2023-01-10T08:17:38.000Z,1.0,1.0,0.0,0.0,0.0,0.0,neutral,neutral,"['problem', 'problem']","['A2YYQJ3JWA2KGD', 'ACDX50KGPE97I']"
frames_tweets23_56,neutral,"@ToeKneeTM Small note: If your account is blocked / detected by these protections, you can unblock your account yourself (in a few clicks) from ""https://t.co/89ZBjzJMlo"".

2/2",3248952236,WizeBot,1617938694568292354,2023-01-24T17:33:39.000Z,1.0,1.0,0.0,0.0,0.0,0.0,neutral,neutral,"['neutral', 'problem']","['A2BW6WD7LZ9EGV', 'A2YYQJ3JWA2KGD']"
frames_tweets23_57,neutral,"@elonmusk @ellagirwin  @esthercrawford there seems to have been some mistake, renowned internet love-monger @nickjfuentes was suspended from Twitter. Please do the right thing and re-instate his account for the sake of humanity 🙏😔",1526453594093920258,RNGMK1,1618266161153740800,2023-01-25T15:14:53.000Z,1.0,1.0,0.0,0.0,0.0,0.0,neutral,neutral,"['problem', 'problem']","['A2YYQJ3JWA2KGD', 'A3OZ8KF0HWSVWK']"
frames_tweets23_58,problem,@FraserNelson Blatant censorship and bias which the online safety bill will make worse as even this post would be banned,1465266656922513411,PaulPau50354990,1611437481106280479,2023-01-06T19:00:09.000Z,1.0,1.0,1.0,1.0,0.0,0.0,problem,problem,"['problem', 'problem']","['A2Q1YS118AO2BP', 'ACDX50KGPE97I']"
frames_tweets23_59,neutral,"@TheArt_Lover That might have been a good idea,
A person like that is not worth getting your account suspended/banned over",1264240592277647362,Crispdeer,1618083566361116672,2023-01-25T03:09:19.000Z,1.0,1.0,0.0,0.0,0.0,0.0,neutral,neutral,"['problem', 'neutral']","['A2Q1YS118AO2BP', 'ACDX50KGPE97I']"
frames_tweets23_60,neutral,"Dear ones @elonmusk @Twitter @TwitterMENA @TwitterSupport 
@SalmaMMMT account has been suspended 5 day ago 
And without any reasoŋ",1225320766503256064,AbdullahAbdin11,1612050653349662720,2023-01-08T11:36:40.000Z,1.0,1.0,0.0,0.0,0.0,0.0,neutral,neutral,"['problem', 'problem']","['A2BW6WD7LZ9EGV', 'A2Q1YS118AO2BP']"
frames_tweets23_61,neutral,@freefirelatino Please un susbend my account please 😌 my id is (982477891)bye..bye..' this is the name and id please un ban,1614554380828815361,Binod77209201,1614557585264476160,2023-01-15T09:38:20.000Z,1.0,1.0,0.0,0.0,0.0,0.0,neutral,neutral,"['problem', 'problem']","['A2Q1YS118AO2BP', 'A3OZ8KF0HWSVWK']"
frames_tweets23_62,neutral,@tiktok_us @PadmaLakshmi @llcoolj @tonyhawk Good evening I have been banned on my Tiktok account for nothing please can you unban me I've tried really hard on this account I do not want all progress to be lost . Please fix this I urge you . I have not violated anything my account is @az.podcast_,1596635750220587012,Az_Podcast_,1610729779484819456,2023-01-04T20:07:59.000Z,1.0,1.0,0.0,0.0,0.0,0.0,neutral,neutral,"['problem', 'problem']","['A2YYQJ3JWA2KGD', 'APGX2WZ59OWDN']"
frames_tweets23_63,neutral,"So my favorite iOS app and only source of social media or news, @tweetbot, got shut down (blocked from Twitter’s API) as part of Twitter’s new initiatives. I just  went and checked - I’ve been a daily Tweetbot user since June 16th, 2011. Here are my thoughts (since no one asked):",131875197,WesYarber,1616555352773824512,2023-01-20T21:56:44.000Z,1.0,1.0,0.0,0.0,0.0,0.0,neutral,neutral,"['problem', 'problem']","['A2BW6WD7LZ9EGV', 'A3IR7DFEKLLLO']"
frames_tweets23_64,solution,"@Alexcoalxxx @Vicky_Aisha_ This is a catfish account created to harass me, please block and report it, I apologize that I can't get it deleted. I've reached out to Twitter.",2998568762,AlexxxCoal,1620131354024488962,2023-01-30T18:46:30.000Z,1.0,1.0,0.0,0.0,1.0,1.0,solution,solution,"['solution', 'problem']","['A3OZ8KF0HWSVWK', 'ACDX50KGPE97I']"
frames_tweets23_65,problem,"The America-based social platforms continue with their anti-freedom of speech policy. Twitter suspends anti-Taliban accounts. Afghans in social media are angry at Facebook, Twitter and Instagram. They doubt if these platforms help terrorism to grow in Afghanistan via the Taliban. https://t.co/1NkeNmJ7Zs",1233596879067385857,HADIANews,1614938132104843265,2023-01-16T10:50:29.000Z,1.0,1.0,1.0,1.0,0.0,0.0,problem,problem,"['problem', 'problem']","['A2BW6WD7LZ9EGV', 'A2YYQJ3JWA2KGD']"
frames_tweets23_66,neutral,"Hello @instagram 
This account has been suspended without any notification 👇🏻
Instagram Account:- shafiullah_sweet
and I am unable to upload photos or videos to confirm my identity.

Please help me to recover this account 🙏🏻🙏🏻🙏🏻
@facebook @Meta @InstagramComms @instagram https://t.co/XYu9vsSJQz",1248252000006856706,ShreyanshRao3,1610990330547146762,2023-01-05T13:23:20.000Z,1.0,1.0,0.0,0.0,0.0,0.0,neutral,neutral,"['problem', 'problem']","['A2YYQJ3JWA2KGD', 'A3OZ8KF0HWSVWK']"
frames_tweets23_67,neutral,"@TeamYouTube 
Dear Team YouTube 
 Suddenly yesterday, I have been removed from monetization due to the reuse content video, we have deleted the long video on which it came from our channel, so how can we monetize our channel again. Please sir give some suggestion.",1556581140160745472,Bhavika21081999,1617265517185859584,2023-01-22T20:58:41.000Z,1.0,1.0,0.0,0.0,0.0,0.0,neutral,neutral,"['problem', 'problem']","['A1FHS282JP487T', 'APGX2WZ59OWDN']"
frames_tweets23_68,neutral,"@GarenaIndia_ Please Garena free fire
Unsuspend my free fire account suspended please
Please check my I'd
1983653237 please please Garena",1533422435491401729,mdshamir796,1611695118612049923,2023-01-07T12:03:54.000Z,1.0,1.0,0.0,0.0,0.0,0.0,neutral,neutral,"['problem', 'neutral']","['A2Q1YS118AO2BP', 'A3IR7DFEKLLLO']"
frames_tweets23_69,neutral,@TwitterSupport why have you suspended the account of @cryptodrftng ?,27884866,jayapapaya,1611750210404847617,2023-01-07T15:42:49.000Z,1.0,1.0,0.0,0.0,0.0,0.0,neutral,neutral,"['problem', 'problem']","['A3OZ8KF0HWSVWK', 'APGX2WZ59OWDN']"
frames_tweets23_70,neutral,@elonmusk why I'm I being blocked from having a verified account I use the app on android https://t.co/kotDmBfBkB,1548469576135888896,plur29469457,1613731453258403841,2023-01-13T02:55:34.000Z,1.0,1.0,0.0,0.0,0.0,0.0,neutral,neutral,"['neutral', 'problem']","['A2BW6WD7LZ9EGV', 'A2YYQJ3JWA2KGD']"
frames_tweets23_71,neutral,"@RRcomindo yes, your acct is good as long as it doesn't violate any of our Community Guidelines: https://t.co/aEKyDB3eGt",3031071234,TeamYouTube,1612504935207211036,2023-01-09T17:41:50.000Z,1.0,1.0,0.0,0.0,0.0,0.0,neutral,neutral,"['solution', 'neutral']","['A2Q1YS118AO2BP', 'APGX2WZ59OWDN']"
frames_tweets23_72,neutral,"@myopicproximity @Burg3rtime @flounder_MA @ShellenbergerMD @peterschweizer @emptywheel Wait- where? Can you provide me a source- link or screenshot- that says either of these things?

(A) that the FBI told Twitter specifically something about the Hunter Biden story?

(B) that Twitter suspended the NYP’s account?

As far as I can tell these are both false.",1489378007827419137,MyLittlePIMO,1613571577022648320,2023-01-12T16:20:17.000Z,1.0,1.0,0.0,0.0,0.0,0.0,neutral,neutral,"['neutral', 'problem']","['A2BW6WD7LZ9EGV', 'A2Q1YS118AO2BP']"
frames_tweets23_73,neutral,twitter please do not remove this account too please,1152478108580233216,liviaviai,1611547699031035904,2023-01-07T02:18:07.000Z,1.0,1.0,0.0,0.0,0.0,0.0,neutral,neutral,"['neutral', 'neutral']","['A2JPOXYZM5AJZZ', 'A3IR7DFEKLLLO']"
frames_tweets23_74,neutral,@JoJoFromJerz Pay Elon to ban your account.,1480214685827964936,V6Pats,1614280477321592832,2023-01-14T15:17:12.000Z,1.0,1.0,0.0,0.0,0.0,0.0,neutral,neutral,"['problem', 'neutral']","['A1FHS282JP487T', 'A3IR7DFEKLLLO']"
frames_tweets23_75,neutral,@Idiothindu @kundanpathakk Contact #Jemmyhack54 on lnstagram or telegram he can help you get your suspended account back he helped me recover mine,2779511706,a_athanas,1617781072963719169,2023-01-24T07:07:19.000Z,1.0,1.0,0.0,0.0,0.0,0.0,neutral,neutral,"['problem', 'problem']","['A2YYQJ3JWA2KGD', 'ACDX50KGPE97I']"
frames_tweets23_76,solution,"@chenlebase @TwitterSupport @g_gary53 Hello @TwitterSupport 

@g_gary53 this account continuosly spread hate towards CHENLE (NCT) please suspend or block this account",1460093407989092354,zclhenle,1610846970209533954,2023-01-05T03:53:40.000Z,1.0,1.0,0.0,0.0,1.0,1.0,solution,solution,"['solution', 'neutral']","['A2YYQJ3JWA2KGD', 'A3IR7DFEKLLLO']"
frames_tweets23_77,neutral,"Fellow targeted ppl. I think some of my followers followed @Jedi_Master_Mo also (Mister Eleven) I saw a recording he just did, was listening to it &amp; was going to ask him a ?. Clicked on reply &amp; see ""account suspended"" that fast

Is it against rules to discuss the book of Enoch?🤔",1577369483324317696,allhaveshadows,1614257911752175625,2023-01-14T13:47:32.000Z,1.0,1.0,0.0,0.0,0.0,0.0,neutral,neutral,"['problem', 'problem']","['AMWIBULQ4S8K3', 'APGX2WZ59OWDN']"
frames_tweets23_78,neutral,"Let's say your Google account gets blocked for any random reason, so no more Gmail, Drive.

How much is your life impacted by this abrupt event? What do you do next? How do you get your account back?",102214348,ankushdharkar,1613335986330800129,2023-01-12T00:44:08.000Z,1.0,1.0,0.0,0.0,0.0,0.0,neutral,neutral,"['problem', 'problem']","['A2BW6WD7LZ9EGV', 'APGX2WZ59OWDN']"
frames_tweets23_79,neutral,"@jiminluv1365244 @Twitter @TwitterSupport @voteforpjm Hi everybody @Twitter @TwitterSupport!!
I've been following @voteforpjm
for a long time and I've noticed that this account got suspended for no reason. The account owner has never violated any of Twitter rules. Please bring back the account soon. Thanks!",1482272627515621383,sseoni507970321,1615736531775553541,2023-01-18T15:43:02.000Z,1.0,1.0,0.0,0.0,0.0,0.0,neutral,neutral,"['problem', 'problem']","['A2BW6WD7LZ9EGV', 'ACDX50KGPE97I']"
frames_tweets23_80,neutral,How to recover suspended insta account???,1226098169496227840,wtfjeyyyy,1612819173478141953,2023-01-10T14:30:30.000Z,1.0,1.0,0.0,0.0,0.0,0.0,neutral,neutral,"['problem', 'problem']","['A3OZ8KF0HWSVWK', 'APGX2WZ59OWDN']"
frames_tweets23_81,neutral,"@seungminkim NY POST source: WE HAVE CONFIRMED NYT HAD INFO TWITTER &amp; SCHIFF COLLUDED TO CENSOR REPORTERS &amp; PEPUBLUCANS ""Dem Rep. Adam Schiff wanted journalist Paul Sperry’s account suspended over reporting on Trump whistleblower, Twitter Files reveals"" Bruce Golding 1/3/2023",1566467041426493441,finnirwin1,1611003848273055744,2023-01-05T14:17:03.000Z,1.0,1.0,0.0,0.0,0.0,0.0,neutral,neutral,"['neutral', 'problem']","['A2YYQJ3JWA2KGD', 'APGX2WZ59OWDN']"
frames_tweets23_82,neutral,MY OTHER ACCOUNT WAS BANNED!,1604961016613425162,CHRISJA94634134,1611519920398819328,2023-01-07T00:27:44.000Z,1.0,1.0,0.0,0.0,0.0,0.0,neutral,neutral,"['solution', 'problem']","['A2Q1YS118AO2BP', 'ACDX50KGPE97I']"
frames_tweets23_83,neutral,@jelenajensen @Twitter This is awesome! I tried to edit my profile to say 18+ only and my verification was removed and my account is under review for it seems like forever :(,983654727387926528,sarahpassions,1616909692537823232,2023-01-21T21:24:46.000Z,1.0,1.0,0.0,0.0,0.0,0.0,neutral,neutral,"['solution', 'problem']","['A2Q1YS118AO2BP', 'A3OZ8KF0HWSVWK']"
frames_tweets23_84,solution,"@TeamYouTube Hi RICK TRAVEL,

We have reviewed your content and found severe or repeated violations of our Community Guidelines. Because of this, we have removed your channel from YouTube.",1612095234464268288,RickyTravel1972,1614269545610346498,2023-01-14T14:33:46.000Z,1.0,1.0,0.0,0.0,1.0,1.0,solution,solution,"['neutral', 'neutral']","['A2BW6WD7LZ9EGV', 'APGX2WZ59OWDN']"
frames_tweets23_85,neutral,@octoniki My Twitter Account got banned but i got it back idk if a can follow back but please dont unfollow me i try to follow back,1604899381689389077,wonjitzu,1613302285840302080,2023-01-11T22:30:13.000Z,1.0,1.0,0.0,0.0,0.0,0.0,neutral,neutral,"['neutral', 'problem']","['A2BW6WD7LZ9EGV', 'A2YYQJ3JWA2KGD']"
frames_tweets23_86,neutral,"This is my backup account.If myaccount gets banned or deleted or something simular,you can find me here.
My main account: @Emz_BrawlStars",1221378775272902656,emzfrombrawl,1617315194056605696,2023-01-23T00:16:05.000Z,1.0,1.0,0.0,0.0,0.0,0.0,neutral,neutral,"['problem', 'problem']","['A2Q1YS118AO2BP', 'A2YYQJ3JWA2KGD']"
frames_tweets23_87,neutral,@TwitchSupport @Twitch my main twitch account suspended indefinitely 2 days ago bc someone managed to get into my account from a different country I was asleep at the time of the incident and have appealed my suspension is there any chance for me to use my account after apealing?,1156878832927985664,JoshuaG09628914,1611072443313160192,2023-01-05T18:49:37.000Z,1.0,1.0,0.0,0.0,0.0,0.0,neutral,neutral,"['problem', 'problem']","['AMWIBULQ4S8K3', 'APGX2WZ59OWDN']"
frames_tweets23_88,neutral,". @Twitter @TwitterSupport 
I've been following @voteforpjm for a long time and I've noticed that this account got suspended for no reason. The account owner has never violated any of Twitter rules. Please bring back the account soon. Thanks! https://t.co/2Lw007dVbL",1364112785668530179,VILLAINJE0N,1615734565150113794,2023-01-18T15:35:13.000Z,1.0,1.0,0.0,0.0,0.0,0.0,neutral,neutral,"['solution', 'problem']","['A2Q1YS118AO2BP', 'A2YYQJ3JWA2KGD']"
frames_tweets23_89,neutral,@veggiesattva @AshHamarowicz @hobicorp Am I banned on this account? A bunch of my other backups are but this one I can’t tell,1302086031861256192,diseasebyhobi,1614034493693739011,2023-01-13T22:59:45.000Z,1.0,1.0,0.0,0.0,0.0,0.0,neutral,neutral,"['neutral', 'neutral']","['A22KRF782ELLB0', 'APGX2WZ59OWDN']"
frames_tweets23_90,neutral,"@btsboyluv @TwitterSupport @ARMYForce_Peru Hi !! @TwitterSupport I have been following 
@ARMYForce_Peru for a long time and I noticed that this account got suspended without reason. The account owner has never violated any of the Twitter rules. Get your account back soon. Thanks!!",1563649984813273089,Bangtanmysoul07,1615749579676295174,2023-01-18T16:34:53.000Z,1.0,1.0,0.0,0.0,0.0,0.0,neutral,neutral,"['problem', 'problem']","['A2Q1YS118AO2BP', 'A2YYQJ3JWA2KGD']"
frames_tweets23_91,neutral,@BotGerad @R6Jena @zxdd account suspended xd,1443586988376924171,MLastkiller,1619042684114710531,2023-01-27T18:40:30.000Z,1.0,1.0,0.0,0.0,0.0,0.0,neutral,neutral,"['problem', 'problem']","['A2Q1YS118AO2BP', 'A3OZ8KF0HWSVWK']"
frames_tweets23_92,problem,"@elonmusk, how long is my husband's  account @AdamVConway going to be suppressed/suspended by held up dangled appeals? He's guilty for stating biological and documented facts. ONE possible offensive term. Is that where his free speech ends? Somebody being offended???",1586365759311302660,Quillsilver1,1618013185721896961,2023-01-24T22:29:39.000Z,1.0,1.0,1.0,1.0,0.0,0.0,problem,problem,"['problem', 'problem']","['A2YYQJ3JWA2KGD', 'AMWIBULQ4S8K3']"
frames_tweets23_93,neutral,"@HRTLESSWILLIAMS I've been suspended from Twitter a bunch of times none of them have made sense. Before Elon I had my account suspended because I called someone ""sick"" which they assumed meant i was calling that person crazy &amp; therefore I was harassing  them lol Twitter is dumb as hell 🤣",147325612,GWPtheTrilogy,1614852192888033281,2023-01-16T05:08:59.000Z,1.0,1.0,0.0,0.0,0.0,0.0,neutral,neutral,"['problem', 'problem']","['A2YYQJ3JWA2KGD', 'A3OZ8KF0HWSVWK']"
frames_tweets23_94,neutral,"@bluebazuk @tiktok_uk Reddit has human mods for each sun, they’re just weird sometimes. TikTok moderates with bots so you’re always at risk of unwarranted bans and content removals",1440278423276900353,Alicecottonsox,1609519729361977344,2023-01-01T11:59:41.000Z,1.0,1.0,0.0,0.0,0.0,0.0,neutral,neutral,"['problem', 'problem']","['A1FHS282JP487T', 'A2YYQJ3JWA2KGD']"
frames_tweets23_95,neutral,@hayhayley14 @dottty__ I’ve been tryna figure out how to go about this without getting my account banned,1420958238644842501,kermistheseahor,1615441655489859584,2023-01-17T20:11:18.000Z,1.0,1.0,0.0,0.0,0.0,0.0,neutral,neutral,"['problem', 'problem']","['A1FHS282JP487T', 'APGX2WZ59OWDN']"
frames_tweets23_96,neutral,@RubinReport My original account (ominous_optic) was permanently suspended. 🤷🏼‍♂️ I had under 10 followers. 😅,1612167614674919424,NeedHelp89223,1612468795934654466,2023-01-09T15:18:13.000Z,1.0,1.0,0.0,0.0,0.0,0.0,neutral,neutral,"['problem', 'problem']","['A1FHS282JP487T', 'APGX2WZ59OWDN']"
frames_tweets23_97,neutral,@DianaLynnTritch @mommaginta @TennesseeSheep1 @SuperKia1 @drsimonegold I was actually banned permanently under the previous twitter ppl! I am a political writer &amp; I have interviewed big names who spoke out abt R govt corruption so I guess I’m an “old new” twitter follower. After Elon took over I was able to come back but couldn’t unlock old account,1587048382434082819,Trina4Freedom,1615442748672204802,2023-01-17T20:15:39.000Z,1.0,1.0,0.0,0.0,0.0,0.0,neutral,neutral,"['problem', 'problem']","['A2BW6WD7LZ9EGV', 'APGX2WZ59OWDN']"
frames_tweets23_98,neutral,"@DoesHaseeb Can you say it in plain English: what community guidelines? You want the right to refuse treatment to LGBTQ people, is that what the question is?",1325848923806834689,moistlyharmless,1619578769811066881,2023-01-29T06:10:43.000Z,1.0,1.0,0.0,0.0,0.0,0.0,neutral,neutral,"['solution', 'neutral']","['A2Q1YS118AO2BP', 'ACDX50KGPE97I']"
frames_tweets23_99,neutral,"@MFSpitfire @nichpic @MagaPhoenix73 @TastyMorsel6 @WebGuyTV @BluesElmwood @jkoff609 @417craig @Tapas1776 @AgainMothra @2457klhu @VinceGottalotta @Trumpcrazytrain @Karlton111 @tip_ct @AntWindmill @TShadowKnow @JonRFleming @AcrytearsMag @Pis0Mojado @LordButters22 @CraigCastleber1 @DigiMalice @__TeekeeMon @AngryFleas @emerichathome @EducatingTrump2 @TommieStephsYup @TrumpLOST5 @UltraGlamma @CRogers1973 @BrulePhd @Synyster63 @MistressRedWasp @theTennPatriot @CollusionTech @Billenjoylife @Blueresin1 @Section_230 @KleeOntheRight @angry_mema @missled2u @BeastofOrem @NoBusinessYours @Inugamiz @kimmsue70 @H2Ofountains @Trumpster20 @Mickmazzo @Caperloo5 PS wasn't Elon Musk supposed to protect y'all from all that so-called ""government censorship"" on Twitter?🙃",488779587,Kelledin,1612317306826424320,2023-01-09T05:16:16.000Z,1.0,1.0,0.0,0.0,0.0,0.0,neutral,neutral,"['problem', 'problem']","['A2Q1YS118AO2BP', 'APGX2WZ59OWDN']"
frames_tweets23_100,neutral,@sugamiint Hi @Twitter @TwitterSupport I've been following @voteforpjm for a long time and I've noticed that this account got suspended for no reason. The account owner has never violated any of Twitter rules. Please bring back the account soon. Thank you!,1607417394154160128,Vimik13,1615925424462401536,2023-01-19T04:13:38.000Z,1.0,1.0,0.0,0.0,0.0,0.0,neutral,neutral,"['problem', 'problem']","['A2BW6WD7LZ9EGV', 'APGX2WZ59OWDN']"
frames_tweets23_101,neutral,@snapchatsupport PLEASE HELP ME. My account is “permanently banned” and i have no clue why. I’ve used this account for 5 years and it’s my main communication method. I love it so much and can’t lose it when i don’t even know what i did.,1482532777950158851,mar34214623,1620542895030931456,2023-01-31T22:01:49.000Z,1.0,1.0,0.0,0.0,0.0,0.0,neutral,neutral,"['neutral', 'problem']","['A2BW6WD7LZ9EGV', 'A3OZ8KF0HWSVWK']"
frames_tweets23_102,problem,"Of all the issues we’re facing now, why’s social media regulation the goal for this people? Freedom of speech is a basic human right and any attempt to take it from Nigerians should be rejected
#RejectNITDAbill 
#Notosocialmediaregulation",174765512,Neo_Marshall,1610292487888707584,2023-01-03T15:10:21.000Z,1.0,1.0,1.0,1.0,0.0,0.0,problem,problem,"['problem', 'problem']","['A3IR7DFEKLLLO', 'APGX2WZ59OWDN']"
frames_tweets23_103,neutral,@TwitchSupport @Twitch I’ve been indefinitely suspended from Twitch for over a month now with no email detailing the reason for my suspension. Please can you look into this. My account is EuphoniumMan. Thanks. https://t.co/PyqXpsmdAa,1004984969586978817,MistaaFeast,1611122204241977344,2023-01-05T22:07:21.000Z,1.0,1.0,0.0,0.0,0.0,0.0,neutral,neutral,"['problem', 'problem']","['A2YYQJ3JWA2KGD', 'A3OZ8KF0HWSVWK']"
frames_tweets23_104,neutral,"Dear @TwitterSupport and Mr. @elonmusk,

Today is January 5, 2023 and @tweettruth2me is still permanently suspended because of a disgruntled former Twitter employee who nuked her account without warning or justification. Her absence degrades the platform. Please reinstate.",1566577699,SNitzsche7,1611197546201751552,2023-01-06T03:06:44.000Z,1.0,1.0,0.0,0.0,0.0,0.0,neutral,neutral,"['problem', 'problem']","['A2BW6WD7LZ9EGV', 'A2YYQJ3JWA2KGD']"
frames_tweets23_105,neutral,@susanbuggg @susieepeach_ Wait how'd the account get suspended,752743904236204033,KronossTWT,1612117653321048065,2023-01-08T16:02:54.000Z,1.0,1.0,0.0,0.0,0.0,0.0,neutral,neutral,"['problem', 'neutral']","['A2Q1YS118AO2BP', 'A2YYQJ3JWA2KGD']"
frames_tweets23_106,neutral,@instagramdownnn My Instagram is been suspended or hacked it’s not working again why does this keeping on happening but other user post half naked don’t ever get suspended or hacked,1431065500457611264,BridgetteHolst3,1610635558031589377,2023-01-04T13:53:35.000Z,1.0,1.0,0.0,0.0,0.0,0.0,neutral,neutral,"['neutral', 'neutral']","['A2BW6WD7LZ9EGV', 'A2JPOXYZM5AJZZ']"
frames_tweets23_107,neutral,"Checked ShadowBan! @summychaaan_007

✅ Search Suggestion Ban
✅ Search Ban
✅ Ghost Ban
✅ Reply Deboosting

#ShadowBan #ShadowBanChecker #シャドウバン 
↓↓↓ Let's Check Your Account! ↓↓↓
https://t.co/J2Qn8jCmFF

何故かこっちは全クリ😳",1506734406924333061,summychaaan_007,1611843680582930435,2023-01-07T21:54:14.000Z,1.0,1.0,0.0,0.0,0.0,0.0,neutral,neutral,"['neutral', 'problem']","['A2BW6WD7LZ9EGV', 'A2Q1YS118AO2BP']"
frames_tweets23_108,neutral,@saucynightgal you can try to email them to get them to lift the ban i hear and tell them that your account is flagged.,1561041667569885187,anarchistdomme,1614617457813065731,2023-01-15T13:36:14.000Z,1.0,1.0,0.0,0.0,0.0,0.0,neutral,neutral,"['solution', 'solution']","['A2Q1YS118AO2BP', 'A3IR7DFEKLLLO']"
frames_tweets23_109,neutral,"The @DuckPromos_ account, which was at one point suspended by Twitter, has been reinstated. It is once again listed for sale on accs-market(dot)com, and the price has been increased to $1500. https://t.co/s2RANyKRf3",757270831600840704,conspirator0,1619832719445483520,2023-01-29T22:59:50.000Z,1.0,1.0,0.0,0.0,0.0,0.0,neutral,neutral,"['neutral', 'neutral']","['A2BW6WD7LZ9EGV', 'A2YYQJ3JWA2KGD']"
frames_tweets23_110,neutral,Apparently my account is shadow banned 😔,1474801226487377933,todoturbinadopt,1613923870880178177,2023-01-13T15:40:10.000Z,1.0,1.0,0.0,0.0,0.0,0.0,neutral,neutral,"['neutral', 'problem']","['A2BW6WD7LZ9EGV', 'APGX2WZ59OWDN']"
frames_tweets23_111,neutral,"@CHENLE_LAND @TwitterSupport @g_gary53 Hello @TwitterSupport 

@g_gary53 this account continuosly spread hate towards CHENLE (NCT) please suspend or block this account",1397920461476962310,lilsunsnoona,1610803639861522433,2023-01-05T01:01:29.000Z,1.0,1.0,0.0,0.0,0.0,0.0,neutral,neutral,"['problem', 'problem']","['A2Q1YS118AO2BP', 'A2W3KKNN3CAY66']"
frames_tweets23_112,neutral,"""@pharuq_oluwole: @LinkedInHelp Hi, my name is Junaid Farouk and my account has been suspended for unusual traffic. Please assist in unblocking my account with user name Junaid Farouk - farouk.junaid@gmail.com",216331785,trafficbutter,1612318645933461504,2023-01-09T05:21:35.000Z,1.0,1.0,0.0,0.0,0.0,0.0,neutral,neutral,"['neutral', 'problem']","['A2BW6WD7LZ9EGV', 'APGX2WZ59OWDN']"
frames_tweets23_113,neutral,"@MrBeast Yes, u should also run for President of Twitter &amp; then maybe unban a certain unfairly banned account I know of… (or 2.. actually it’s more like 4 or 5 since one of these guys had multiple accounts but my point stands)",1609692003591135232,funcat2705,1620172243224625159,2023-01-30T21:28:58.000Z,1.0,1.0,0.0,0.0,0.0,0.0,neutral,neutral,"['solution', 'solution']","['A2Q1YS118AO2BP', 'A3IR7DFEKLLLO']"
frames_tweets23_114,neutral,@TwistysExile Can I get a follow back? You were following me on my old account with 55k before it was suspended. https://t.co/8hYpnAcx4I,1430662524463054848,PussyPleasure69,1617224364981899264,2023-01-22T18:15:09.000Z,1.0,1.0,0.0,0.0,0.0,0.0,neutral,neutral,"['neutral', 'problem']","['A2BW6WD7LZ9EGV', 'A2YYQJ3JWA2KGD']"
frames_tweets23_115,neutral,"These tweets need to be restored, your algorithm changed and every single strike against the @GullahRehabbed account need to be removed.",1518346053921161216,JasperCtyBlk,1610246051159482370,2023-01-03T12:05:50.000Z,1.0,1.0,0.0,0.0,0.0,0.0,neutral,neutral,"['problem', 'problem']","['A2BW6WD7LZ9EGV', 'APGX2WZ59OWDN']"
frames_tweets23_116,neutral,"I am not a multi account. @.mydarlingnoelk is my personal acc. My other accounts @.rumurimuru got locked but I could not receive the verification code also @.MiraiFortune7, @.heyjahe , @.heywewinner &amp; @.Aman__Amin got suspended. Thanks https://t.co/kPElduXmCt",1616942572886454274,yahudahlahya,1617487264564776962,2023-01-23T11:39:49.000Z,1.0,1.0,0.0,0.0,0.0,0.0,neutral,neutral,"['problem', 'problem']","['A2YYQJ3JWA2KGD', 'APGX2WZ59OWDN']"
frames_tweets23_117,neutral,Going dark on this account until my search suggestion ban is lifted,1359245581655375873,ENSBaguette_eth,1618631986784120835,2023-01-26T15:28:33.000Z,1.0,1.0,0.0,0.0,0.0,0.0,neutral,neutral,"['problem', 'problem']","['A2YYQJ3JWA2KGD', 'A3OZ8KF0HWSVWK']"
frames_tweets23_118,neutral,"@mileapo_closet If you’re shadow banned it’s better to rest your account for some days, same with instagram",1281553690634129409,payno_edits,1614307476089835521,2023-01-14T17:04:29.000Z,1.0,1.0,0.0,0.0,0.0,0.0,neutral,neutral,"['problem', 'neutral']","['A2Q1YS118AO2BP', 'A3IR7DFEKLLLO']"
frames_tweets23_119,neutral,"@misthiosgt sir, help me
My account got false suspend
Go Check 
Grow id : mrpopoo https://t.co/xSORsr3Rnj",1328335934048223232,PerdanaSilaban5,1618451490611560449,2023-01-26T03:31:19.000Z,1.0,1.0,0.0,0.0,0.0,0.0,neutral,neutral,"['neutral', 'problem']","['A2BW6WD7LZ9EGV', 'APGX2WZ59OWDN']"
frames_tweets23_120,neutral,@BohemianAtmosp1 My RN daughter made a Twitter account to warn them what she was actually treating due to these jabs. They hated her and reported her until they got her permanently suspended. She’s still unvaxxed and still a RN.,1582943869574029312,zfg_007,1619495314234445824,2023-01-29T00:39:06.000Z,1.0,1.0,0.0,0.0,0.0,0.0,neutral,neutral,"['neutral', 'problem']","['A2BW6WD7LZ9EGV', 'A3IR7DFEKLLLO']"
frames_tweets23_121,neutral,"@equalitysope_ @equalitysope Hello! @Twitter @TwitterSupport

I've been following @equalitysope for a long time and I've noticed that this account got suspended for no reason. The account owner has never violated any of Twitter rules.
Please bring back the account soon. Thank you!!",852353318051602432,kingtantk,1615873127816302592,2023-01-19T00:45:49.000Z,1.0,1.0,0.0,0.0,0.0,0.0,neutral,neutral,"['problem', 'problem']","['A2BW6WD7LZ9EGV', 'AMWIBULQ4S8K3']"
frames_tweets23_122,neutral,@elonmusk why is there no way to contact your customer service? I have an issue that needs someone's attention. Asking for a friend who's account has been suspended for no reason.,1587228700793110529,oo7jg1956,1619742530534518786,2023-01-29T17:01:27.000Z,1.0,1.0,0.0,0.0,0.0,0.0,neutral,neutral,"['solution', 'problem']","['A2Q1YS118AO2BP', 'ACDX50KGPE97I']"
frames_tweets23_123,neutral,@csapphire69 Her account isn't even reading as suspended but who even know? She was around a few days ago so I assume that she'll be back.,1160634785229918209,EgoRecreational,1610463475825885185,2023-01-04T02:29:48.000Z,1.0,1.0,0.0,0.0,0.0,0.0,neutral,neutral,"['neutral', 'problem']","['A2JPOXYZM5AJZZ', 'A2Q1YS118AO2BP']"
frames_tweets23_124,neutral,"Hi @Twitter today my account @NiramonPhothong got Search Suggestion Ban and Ghost Ban. I did not do anything wrong, my account is really important to me. Please review this issue and fix the problem. Thank you.",1604142025829335042,NamThip_0609,1613774955757592576,2023-01-13T05:48:26.000Z,1.0,1.0,0.0,0.0,0.0,0.0,neutral,neutral,"['neutral', 'problem']","['A2BW6WD7LZ9EGV', 'A3OZ8KF0HWSVWK']"
frames_tweets23_125,neutral,"@SushilMl update: after a review from our team, your video will not be reinstated. we understand this was not the outcome you expected, but please review our Community Guidelines to avoid this in the future: https://t.co/R6LQB5i4bM let us know if you have other q's we can help with!",3031071234,TeamYouTube,1618430251217854465,2023-01-26T02:06:55.000Z,1.0,1.0,0.0,0.0,0.0,0.0,neutral,neutral,"['neutral', 'neutral']","['A22KRF782ELLB0', 'A2BW6WD7LZ9EGV']"
frames_tweets23_126,neutral,@AhmadSixth Don't tag me sir... please they will block account,1163081272303898624,tradetowin100,1611397839187480577,2023-01-06T16:22:37.000Z,1.0,1.0,0.0,0.0,0.0,0.0,neutral,neutral,"['neutral', 'problem']","['A2BW6WD7LZ9EGV', 'AMWIBULQ4S8K3']"
frames_tweets23_127,neutral,"More social media regulation expected in 2023, members of Congress say via /r/technology https://t.co/tQeDmr4lC4 #tech #new #trends",205046843,MissKatherineLK,1609996923070566403,2023-01-02T19:35:53.000Z,1.0,1.0,0.0,0.0,0.0,0.0,neutral,neutral,"['problem', 'neutral']","['A3IR7DFEKLLLO', 'APGX2WZ59OWDN']"
frames_tweets23_128,neutral,@TikTokSupport TIKTOK PLEASE REPLY TO ALL THEESSAGES I'VE BEEN SENDING U MY ACCOUNT GOT BANNED BY ACCIDENT SO COULD U PLEASE LOOK INTO IT AND UNBAN ME PLEASE @tiktok_uk @TikTokHelp @TikTokSupport,1609050381794906119,DavidOsasere6,1610260266914304001,2023-01-03T13:02:19.000Z,1.0,1.0,0.0,0.0,0.0,0.0,neutral,neutral,"['problem', 'problem']","['A2Q1YS118AO2BP', 'APGX2WZ59OWDN']"
frames_tweets23_129,neutral,@MLTGaming2 3 times on a 3 week ban on an old account and 4 warnings ⚠ and a 1 day ban,1600185014343327749,FELIPEtheboi,1613590334470254592,2023-01-12T17:34:49.000Z,1.0,1.0,0.0,0.0,0.0,0.0,neutral,neutral,"['neutral', 'neutral']","['A2BW6WD7LZ9EGV', 'A2JPOXYZM5AJZZ']"
frames_tweets23_130,neutral,@TikTokSupport PLEASE RETWEET THIS SOMEONE KEEPS FALSELY REPORTING MY TIKTOK ACCOUNT @miss_elisiana my account has been PERMANENTLY BANNED due to someone keep reporting my account please bring my account back 🙏🏻 🥺 https://t.co/GaNsrNJiln,1612383844916756482,Elisian06578760,1613861828970582017,2023-01-13T11:33:38.000Z,1.0,1.0,0.0,0.0,0.0,0.0,neutral,neutral,"['problem', 'problem']","['ACDX50KGPE97I', 'AMWIBULQ4S8K3']"
frames_tweets23_131,neutral,"@YouTubeCreators  Sir,
I know every community guidelins roled by YouTube and i am sure that there is no violation of youtube community guidelines. I think this can be done by mistake please make a deeper preview of it and give me back my suspended account I am making content",1612084175187898368,TITANIUM953125,1612085818642030596,2023-01-08T13:56:24.000Z,1.0,1.0,0.0,0.0,0.0,0.0,neutral,neutral,"['neutral', 'problem']","['A2Q1YS118AO2BP', 'APGX2WZ59OWDN']"
frames_tweets23_132,neutral,@thvmnk Hi @Twitter and @TwitterSupport I've been following @btsqtsarchive for a long time and I've noticed that this account got suspended for no reason. The account owner has never violated any of Twitter rules. Please bring back the account soon. Thank you,1448389918816972801,MintYoongi_ily,1616168360215019520,2023-01-19T20:18:58.000Z,1.0,1.0,0.0,0.0,0.0,0.0,neutral,neutral,"['problem', 'problem']","['A2YYQJ3JWA2KGD', 'ACDX50KGPE97I']"
frames_tweets23_133,neutral,"Yuzuki Tsubame @yuzuki_tsubame is a voice actress and her account is being suspended.
She always cares about everyone and gives us a lot precious memories that always warms our heart.

Please investigate her case and give her account back.

@TwitterSupport
@elonmusk",79529270,ak47622,1616658224991830016,2023-01-21T04:45:31.000Z,1.0,1.0,0.0,0.0,0.0,0.0,neutral,neutral,"['problem', 'problem']","['A2Q1YS118AO2BP', 'ACDX50KGPE97I']"
frames_tweets23_134,solution,@amerxmirza I have reported him to make sure his account gets suspended. Disgusting and derogation remarks shouldn't be tolerated. Please report. Thanks,820753878845165568,lawyerchronicle,1618917829981634561,2023-01-27T10:24:23.000Z,1.0,1.0,0.0,0.0,1.0,1.0,solution,solution,"['neutral', 'solution']","['A2Q1YS118AO2BP', 'ACDX50KGPE97I']"
frames_tweets23_135,neutral,"hi! this is @/geneger_car, my prev account was suspended :(",1615717584908996610,hannieger,1615720604895969283,2023-01-18T14:39:45.000Z,1.0,1.0,0.0,0.0,0.0,0.0,neutral,neutral,"['neutral', 'neutral']","['A2BW6WD7LZ9EGV', 'A2JPOXYZM5AJZZ']"
frames_tweets23_136,neutral,"BREAKING: #YouTube has just removed the #Pfizer story from the platform “due to a violation of our Community Guidelines”

@ProjectVeritas channel has been given a “strike” and ability to upload ANY new videos is “restricted” for a week with threats of future “permanent removal” https://t.co/11SOoHK4gL",1597344789917212673,deenvoss,1619135033515843584,2023-01-28T00:47:28.000Z,1.0,1.0,0.0,0.0,0.0,0.0,neutral,neutral,"['problem', 'neutral']","['A3OZ8KF0HWSVWK', 'APGX2WZ59OWDN']"
frames_tweets23_137,neutral,"Not banned for 11th time this year! since i was this testing people the #FbI this lifted bans temporally here on #Twitter  what a clean account looks like, ..lol 🤣🤣🤣 https://t.co/QTkb16KYg9",838455765941776385,PinchakPainting,1617515000788140033,2023-01-23T13:30:02.000Z,1.0,1.0,0.0,0.0,0.0,0.0,neutral,neutral,"['problem', 'problem']","['A1FHS282JP487T', 'A3IR7DFEKLLLO']"
frames_tweets23_138,neutral,bonfida $FIDA account suspended on twitter. https://t.co/R8aXFjwUbL,1391811763226562562,IqrarAh45149407,1617560168627335171,2023-01-23T16:29:31.000Z,1.0,1.0,0.0,0.0,0.0,0.0,neutral,neutral,"['neutral', 'neutral']","['A22KRF782ELLB0', 'A2YYQJ3JWA2KGD']"
frames_tweets23_139,neutral,@elonmusk can u remove the sensitive content warnings for my and @phawrmapacks accounts please ?,1617189989762097153,phawrmacoo,1617917478642020354,2023-01-24T16:09:21.000Z,1.0,1.0,0.0,0.0,0.0,0.0,neutral,neutral,"['neutral', 'problem']","['A2BW6WD7LZ9EGV', 'A3OZ8KF0HWSVWK']"
frames_tweets23_140,neutral,@WeAgainstWorld Yes instead follow me i got banned from my other account I’m not a new stay 😁😁😁😁 i promise I’m funny I’ll make your tl a better place! https://t.co/qkdG0n2NPC,1589563687702069250,leyknxws,1615845146947461121,2023-01-18T22:54:38.000Z,1.0,1.0,0.0,0.0,0.0,0.0,neutral,neutral,"['problem', 'problem']","['A3IR7DFEKLLLO', 'A3OZ8KF0HWSVWK']"
frames_tweets23_141,neutral,"@Kamal1800 
Swagatam Shreeman ji,

We were following each other, this evening my old account @richnpoor2528 got suspended.

Pls fb my new id @Teesaribaar2528 

💐🙏🇮🇳",1613891974037372930,Teesaribaar2528,1613920241045889026,2023-01-13T15:25:45.000Z,1.0,1.0,0.0,0.0,0.0,0.0,neutral,neutral,"['problem', 'problem']","['A3OZ8KF0HWSVWK', 'APGX2WZ59OWDN']"
frames_tweets23_142,neutral,@MegglesArt This year I hope to find a style that's truly mine and recapture the following my suspended NSFW account had lol https://t.co/A9dRNUisBh,1439222556049948672,manic_goblin,1610445236618027013,2023-01-04T01:17:19.000Z,1.0,1.0,0.0,0.0,0.0,0.0,neutral,neutral,"['neutral', 'neutral']","['A2BW6WD7LZ9EGV', 'A2Q1YS118AO2BP']"
frames_tweets23_143,neutral,"@RevolutApp I immediately contacted support to only receive automated responses. This was the most frustrating part. I had been stolen from, they attempted to steal my entire life savings, and now I was being banned from an account which I relied so much on.",473353415,trlaOravis,1617272322377015296,2023-01-22T21:25:43.000Z,1.0,1.0,0.0,0.0,0.0,0.0,neutral,neutral,"['problem', 'problem']","['A2Q1YS118AO2BP', 'A2YYQJ3JWA2KGD']"
frames_tweets23_144,neutral,"@purpleyou38 Hey @Twitter @TwitterSupport
I've been following @equalitysope for a long time and I've noticed that this account got suspended for no reason. The account owner has never violated any of Twitter rules. Please bring back the account soon. Thank you!",1325881492745150464,Liberty97250530,1615737458171482112,2023-01-18T15:46:43.000Z,1.0,1.0,0.0,0.0,0.0,0.0,neutral,neutral,"['neutral', 'problem']","['A2JPOXYZM5AJZZ', 'A3OZ8KF0HWSVWK']"
frames_tweets23_145,neutral,@KatieSerina Omg got similar issues but #Jemmyhack54 on instagram or telegram helped me to recover my suspended account,2779511706,a_athanas,1617915131710799878,2023-01-24T16:00:01.000Z,1.0,1.0,0.0,0.0,0.0,0.0,neutral,neutral,"['neutral', 'solution']","['A2BW6WD7LZ9EGV', 'A3IR7DFEKLLLO']"
frames_tweets23_146,neutral,"@Kory_B12C @SoonerJG Well I was going to ask if that was Tiki, but I see his account is suspended. 🫤",142869860,sooner_girl80,1615572595159764993,2023-01-18T04:51:37.000Z,1.0,1.0,0.0,0.0,0.0,0.0,neutral,neutral,"['neutral', 'neutral']","['A2BW6WD7LZ9EGV', 'APGX2WZ59OWDN']"
frames_tweets23_147,neutral,@jrevans1980 @NBCNews Told you. @indydunn78 my other account has been suspended because of @WHO truth bombs for a while.  @Twitter #DoNotComply,516733002,indybdunn,1615037699332935681,2023-01-16T17:26:08.000Z,1.0,1.0,0.0,0.0,0.0,0.0,neutral,neutral,"['neutral', 'problem']","['A2BW6WD7LZ9EGV', 'A2Q1YS118AO2BP']"
frames_tweets23_148,neutral,"@instagram 
Hi my account alone_cake_08 has been suspended mistakenly so how can I get it back",1619317375576449027,ChahatJ96514028,1619319159422320645,2023-01-28T12:59:07.000Z,1.0,1.0,0.0,0.0,0.0,0.0,neutral,neutral,"['neutral', 'problem']","['A2BW6WD7LZ9EGV', 'A2YYQJ3JWA2KGD']"
frames_tweets23_149,neutral,@XXXEALACANTH @Sweet_Chubbs @MagicMamaaa @YUNGYlFF Their account was suspended 😳,1542219695121731584,LaylasCrossingg,1611782360596348930,2023-01-07T17:50:34.000Z,1.0,1.0,0.0,0.0,0.0,0.0,neutral,neutral,"['neutral', 'problem']","['A2BW6WD7LZ9EGV', 'A2Q1YS118AO2BP']"
